{"accuracy": [0.6771320700645447, 0.8828508257865906, 0.9300661683082581], "loss": [1.1135048866271973, 0.36644306778907776, 0.21386194229125977], "val_accuracy": [0.8703050017356873, 0.8999544978141785, 0.9342135190963745], "val_loss": [0.402498722076416, 0.30887410044670105, 0.2127295732498169]}